template_name,state,animation_name,frame_count,frame_duration(ticks)
Knight,idle,Knight_Idle,5,60
Knight,run,Knight_Run,7,60
Knight,attack,Knight_Attack01,8,60
Knight,death,Knight_Death,6,60
Wizard,idle,Wizard_Idle,5,60
Wizard,run,Wizard_Run,7,60
Wizard,attack,Wizard_Attack01,9,60
Wizard,death,Wizard_Death,6,60
Ghost,idle,Ghost_Idle,6,60
Ghost,run,Ghost_Fly,5,60
Ghost,attack,Ghost_Attack,7,60
Ghost,death,Ghost_Death,7,60
Skeleton,idle,Skeleton_Idle,9,60
Skeleton,run,Skeleton_Walk,9,60
Skeleton,attack,Skeleton_Attack,5,60
Skeleton,death,Skeleton_Death,7,60
Mushroom,idle,Mushroom_Idle,3,60
Mushroom,run,Mushroom_Jump,5,60
Mushroom,attack,Mushroom_Attack,6,60
Mushroom,death,Mushroom_Death,4,60
Slime,idle,Slime_Idle,3,60
Slime,run,Slime_Walk,3,60
Slime,attack,Slime_Walk,3,60
Slime,death,Slime_Death,4,60
Building1,idle,Building1_idle,0,60
Building2,idle,Building2_idle,0,60
